"Kind","Name","PercentLackOfCohesion","CountClassCoupled","SumCyclomatic","MaxNesting","CountClassDerived","CountClassBase","MaxInheritanceTree"
"File","AllCommits.java",,,1,0,,,
"File","BetweenDates.java",,,5,2,,,
"File","BetweenDatesTest.java",,,2,0,,,
"File","BetweenDatesTest.java",,,3,0,,,
"File","BetweenTags.java",,,2,0,,,
"File","BetweenTagsTest.java",,,2,0,,,
"File","BlamedLine.java",,,29,2,,,
"File","CSVFile.java",,,21,2,,,
"File","CSVFileFormatException.java",,,1,0,,,
"File","CSVFileTest.java",,,10,0,,,
"File","CVPM.java",,,1,0,,,
"File","ChangeSet.java",,,1,0,,,
"File","CollectConfiguration.java",,,12,0,,,
"File","Commit.java",,,10,1,,,
"File","CommitFilter.java",,,0,0,,,
"File","CommitFilterIntegrationTest.java",,,4,0,,,
"File","CommitRange.java",,,0,0,,,
"File","CommitTest.java",,,4,0,,,
"File","CommitVisitor.java",,,3,0,,,
"File","Commits.java",,,10,0,,,
"File","ConcurrencyTest.java",,,14,1,,,
"File","DailyCommits.java",,,5,2,,,
"File","DatesAndTimezonesTest.java",,,3,0,,,
"File","Developer.java",,,4,0,,,
"File","DiffBlock.java",,,19,2,,,
"File","DiffFilter.java",,,0,0,,,
"File","DiffLine.java",,,17,2,,,
"File","DiffLineType.java",,,0,0,,,
"File","DiffParser.java",,,8,2,,,
"File","DiffParserTest.java",,,6,0,,,
"File","FirstParentFilter.java",,,4,1,,,
"File","FirstParentOnlyTest.java",,,3,0,,,
"File","GitRemoteRepository.java",,,22,2,,,
"File","GitRemoteRepositoryBuilder.java",,,0,0,,,
"File","GitRemoteRepositoryTest.java",,,8,1,,,
"File","GitRepoWithCollectConfigurationTest.java",,,10,1,,,
"File","GitRepository.java",,,95,3,,,
"File","GitRepositoryTest.java",,,29,0,,,
"File","LastMonths.java",,,4,2,,,
"File","LastMonthsTest.java",,,3,0,,,
"File","ListOfCommits.java",,,4,2,,,
"File","ListOfCommitsTest.java",,,2,0,,,
"File","MemoryConsumptionTest.java",,,15,2,,,
"File","Modification.java",,,18,2,,,
"File","ModificationTest.java",,,2,0,,,
"File","ModificationType.java",,,0,0,,,
"File","MonthlyCommits.java",,,5,2,,,
"File","MultipleGitRemoteRepositoryBuilder.java",,,4,0,,,
"File","NoDiffFilter.java",,,1,0,,,
"File","NoFilter.java",,,1,0,,,
"File","NoPersistence.java",,,2,0,,,
"File","OnlyDiffsWithFileTypes.java",,,2,0,,,
"File","OnlyDiffsWithFileTypesTest.java",,,3,0,,,
"File","OnlyDiffsWithoutFileTypes.java",,,2,0,,,
"File","OnlyDiffsWithoutFileTypesTest.java",,,3,0,,,
"File","OnlyInBranches.java",,,4,0,,,
"File","OnlyInBranchesTest.java",,,1,0,,,
"File","OnlyInHead.java",,,1,0,,,
"File","OnlyInMainBranch.java",,,1,0,,,
"File","OnlyInMainBranchTest.java",,,1,0,,,
"File","OnlyModificationsWithFileTypeTest.java",,,2,0,,,
"File","OnlyModificationsWithFileTypes.java",,,4,0,,,
"File","OnlyModificationsWithFileTypesTest.java",,,1,0,,,
"File","OnlyNoMerge.java",,,1,0,,,
"File","OnlyNoMergeTest.java",,,1,0,,,
"File","PathUtils.java",,,3,1,,,
"File","PersistenceMechanism.java",,,0,0,,,
"File","PersistenceMechanismException.java",,,1,0,,,
"File","RDFileUtils.java",,,29,2,,,
"File","Range.java",,,8,2,,,
"File","RangeTest.java",,,3,0,,,
"File","RepoDriller.java",,,4,1,,,
"File","RepoDrillerException.java",,,2,0,,,
"File","RepoVisitor.java",,,18,3,,,
"File","RepoVisitorData.java",,,13,2,,,
"File","RepositoryFile.java",,,8,0,,,
"File","RepositoryMining.java",,,49,3,,,
"File","RepositoryMiningData.java",,,1,0,,,
"File","ReverseOrderTest.java",,,3,0,,,
"File","SCM.java",,,0,0,,,
"File","SCMRepository.java",,,9,0,,,
"File","SCMRepositoryClone.java",,,1,0,,,
"File","SimpleCommandExecutor.java",,,12,1,,,
"File","SinceCommit.java",,,5,2,,,
"File","SinceCommitTest.java",,,2,0,,,
"File","SingleCommit.java",,,4,2,,,
"File","SingleCommitTest.java",,,2,0,,,
"File","SingleGitRemoteRepositoryBuilder.java",,,5,0,,,
"File","Study.java",,,0,0,,,
"File","SubversionRepository.java",,,74,3,,,
"File","SubversionRepositoryTest.java",,,19,1,,,
"File","TSCheckoutTestVisitor.java",,,6,0,,,
"File","TSTestVisitor.java",,,6,0,,,
"File","TestVisitor.java",,,6,0,,,
"File","ThrowingTest.java",,,2,0,,,
"File","ThrowingTestVisitor.java",,,6,0,,,
"File","log4j2.xml",,,0,0,,,
"File","log4j2.xml",,,0,0,,,
"Package","org",,,0,0,,,
"Package","org.repodriller",,,89,3,,,
"Public Class","org.repodriller.CVPM",0,2,1,0,0,1,1
"Constructor","org.repodriller.CVPM.CVPM",,,1,0,,,
"Public Class","org.repodriller.RepoDriller",33,6,4,1,0,1,1
"Public Constructor","org.repodriller.RepoDriller.RepoDriller",,,1,0,,,
"Public Static Method","org.repodriller.RepoDriller.main",,,1,0,,,
"Public Method","org.repodriller.RepoDriller.start",,,2,1,,,
"Public Class","org.repodriller.RepoDrillerException",0,2,2,0,0,1,2
"Public Constructor","org.repodriller.RepoDrillerException.RepoDrillerException",,,1,0,,,
"Public Constructor","org.repodriller.RepoDrillerException.RepoDrillerException",,,1,0,,,
"Public Class","org.repodriller.RepoVisitor",25,17,18,3,0,1,1
"Public Constructor","org.repodriller.RepoVisitor.RepoVisitor",,,1,0,,,
"Method","org.repodriller.RepoVisitor.beginRepoVisit",,,9,2,,,
"Method","org.repodriller.RepoVisitor.endRepoVisit",,,4,2,,,
"Lambda Method","org.repodriller.RepoVisitor.endRepoVisit.(lambda_expr_1)",,,1,0,,,
"Method","org.repodriller.RepoVisitor.visitCommit",,,4,3,,,
"Public Class","org.repodriller.RepoVisitorData",86,13,13,2,0,1,1
"Public Constructor","org.repodriller.RepoVisitorData.RepoVisitorData",,,1,0,,,
"Public Method","org.repodriller.RepoVisitorData.addVisitor",,,1,0,,,
"Method","org.repodriller.RepoVisitorData.closeAllPersistence",,,2,1,,,
"Public Method","org.repodriller.RepoVisitorData.getSCMRepositoryClone",,,3,2,,,
"Public Method","org.repodriller.RepoVisitorData.isEmpty",,,1,0,,,
"Method","org.repodriller.RepoVisitorData.printVisitors",,,2,1,,,
"Public Method","org.repodriller.RepoVisitorData.putSCMRepositoryClone",,,3,2,,,
"Public Class","org.repodriller.RepositoryMining",5,35,49,3,0,1,1
"Public Constructor","org.repodriller.RepositoryMining.RepositoryMining",,,1,0,,,
"Public Method","org.repodriller.RepositoryMining.collect",,,2,1,,,
"Public Method","org.repodriller.RepositoryMining.filters",,,1,0,,,
"Private Method","org.repodriller.RepositoryMining.filtersAccept",,,3,2,,,
"Public Method","org.repodriller.RepositoryMining.in",,,1,0,,,
"Public Method","org.repodriller.RepositoryMining.mine",,,8,2,,,
"Private Method","org.repodriller.RepositoryMining.printScript",,,2,1,,,
"Public Method","org.repodriller.RepositoryMining.process",,,1,0,,,
"Public Method","org.repodriller.RepositoryMining.process",,,1,0,,,
"Private Method","org.repodriller.RepositoryMining.processChangeSet",,,2,1,,,
"Private Method","org.repodriller.RepositoryMining.processRepo",,,11,3,,,
"Lambda Method","org.repodriller.RepositoryMining.processRepo.(lambda_expr_1)",,,5,0,,,
"Public Method","org.repodriller.RepositoryMining.reverseOrder",,,1,0,,,
"Public Method","org.repodriller.RepositoryMining.setRepoTmpDir",,,4,3,,,
"Public Method","org.repodriller.RepositoryMining.through",,,1,0,,,
"Private Method","org.repodriller.RepositoryMining.validateConcurrencyConfiguration",,,4,2,,,
"Public Method","org.repodriller.RepositoryMining.visitorsAreThreadSafe",,,1,0,,,
"Public Method","org.repodriller.RepositoryMining.visitorsChangeRepoState",,,1,0,,,
"Public Method","org.repodriller.RepositoryMining.withThreads",,,2,1,,,
"Public Method","org.repodriller.RepositoryMining.withThreads",,,2,1,,,
"Public Class","org.repodriller.RepositoryMiningData",64,12,1,0,0,1,1
"Public Constructor","org.repodriller.RepositoryMiningData.RepositoryMiningData",,,1,0,,,
"Public Class","org.repodriller.SCMRepositoryClone",0,1,1,0,0,1,1
"Public Constructor","org.repodriller.SCMRepositoryClone.SCMRepositoryClone",,,1,0,,,
"Public Interface","org.repodriller.Study",0,0,0,0,0,0,0
"Abstract Method","org.repodriller.Study.execute",,,0,0,,,
"Package","org.repodriller.domain",,,89,2,,,
"Public Class","org.repodriller.domain.ChangeSet",0,5,1,0,0,1,1
"Public Constructor","org.repodriller.domain.ChangeSet.ChangeSet",,,1,0,,,
"Public Class","org.repodriller.domain.Commit",82,14,10,1,0,1,1
"Public Constructor","org.repodriller.domain.Commit.Commit",,,1,0,,,
"Public Constructor","org.repodriller.domain.Commit.Commit",,,2,1,,,
"Public Method","org.repodriller.domain.Commit.addModification",,,1,0,,,
"Public Method","org.repodriller.domain.Commit.addModifications",,,1,0,,,
"Public Method","org.repodriller.domain.Commit.getBranches",,,1,0,,,
"Public Method","org.repodriller.domain.Commit.getModifications",,,1,0,,,
"Public Method","org.repodriller.domain.Commit.getParent",,,2,0,,,
"Public Method","org.repodriller.domain.Commit.getParents",,,1,0,,,
"Public Class","org.repodriller.domain.CommitTest",45,9,4,0,0,1,1
"Public Static Method","org.repodriller.domain.CommitTest.readPath",,,1,0,,,
"Public Method","org.repodriller.domain.CommitTest.setUp",,,1,0,,,
"Public Method","org.repodriller.domain.CommitTest.shouldBeEqual",,,1,0,,,
"Public Method","org.repodriller.domain.CommitTest.shouldNotBeEqual",,,1,0,,,
"Public Class","org.repodriller.domain.Developer",25,2,4,0,0,1,1
"Public Constructor","org.repodriller.domain.Developer.Developer",,,1,0,,,
"Public Method","org.repodriller.domain.Developer.getEmail",,,1,0,,,
"Public Method","org.repodriller.domain.Developer.getName",,,1,0,,,
"Public Method","org.repodriller.domain.Developer.toString",,,1,0,,,
"Public Class","org.repodriller.domain.DiffBlock",75,9,19,2,0,1,1
"Public Constructor","org.repodriller.domain.DiffBlock.DiffBlock",,,1,0,,,
"Public Method","org.repodriller.domain.DiffBlock.getDiffBlock",,,1,0,,,
"Public Method","org.repodriller.domain.DiffBlock.getLineInNewFile",,,2,0,,,
"Lambda Method","org.repodriller.domain.DiffBlock.getLineInNewFile.(lambda_expr_1)",,,1,0,,,
"Public Method","org.repodriller.domain.DiffBlock.getLineInOldFile",,,2,0,,,
"Lambda Method","org.repodriller.domain.DiffBlock.getLineInOldFile.(lambda_expr_1)",,,1,0,,,
"Private Method","org.repodriller.domain.DiffBlock.getLinePositions",,,2,1,,,
"Public Method","org.repodriller.domain.DiffBlock.getLines",,,1,0,,,
"Private Method","org.repodriller.domain.DiffBlock.getLines",,,4,2,,,
"Public Method","org.repodriller.domain.DiffBlock.getLinesInNewFile",,,1,0,,,
"Public Method","org.repodriller.domain.DiffBlock.getLinesInOldFile",,,1,0,,,
"Private Method","org.repodriller.domain.DiffBlock.typeOf",,,4,1,,,
"Public Class","org.repodriller.domain.DiffLine",29,3,17,2,0,1,1
"Public Constructor","org.repodriller.domain.DiffLine.DiffLine",,,1,0,,,
"Public Method","org.repodriller.domain.DiffLine.equals",,,9,2,,,
"Public Method","org.repodriller.domain.DiffLine.getLine",,,1,0,,,
"Public Method","org.repodriller.domain.DiffLine.getLineNumber",,,1,0,,,
"Public Method","org.repodriller.domain.DiffLine.getType",,,1,0,,,
"Public Method","org.repodriller.domain.DiffLine.hashCode",,,3,0,,,
"Public Method","org.repodriller.domain.DiffLine.toString",,,1,0,,,
"Public Enum Type","org.repodriller.domain.DiffLineType",,1,0,0,0,1,1
"Public Implicit Method","org.repodriller.domain.DiffLineType.valueOf",,,0,,,,
"Public Implicit Method","org.repodriller.domain.DiffLineType.values",,,0,,,,
"Public Class","org.repodriller.domain.DiffParser",25,6,8,2,0,1,1
"Public Constructor","org.repodriller.domain.DiffParser.DiffParser",,,1,0,,,
"Private Method","org.repodriller.domain.DiffParser.extractDiffBlocks",,,5,2,,,
"Public Method","org.repodriller.domain.DiffParser.getBlocks",,,1,0,,,
"Public Method","org.repodriller.domain.DiffParser.getFullDiff",,,1,0,,,
"Public Class","org.repodriller.domain.DiffParserTest",0,7,6,0,0,1,1
"Public Method","org.repodriller.domain.DiffParserTest.additionsAndDeletions",,,1,0,,,
"Public Method","org.repodriller.domain.DiffParserTest.extractLineNumbersAndContentInOldAndNewFile",,,1,0,,,
"Public Method","org.repodriller.domain.DiffParserTest.onlyAdditions",,,1,0,,,
"Public Method","org.repodriller.domain.DiffParserTest.onlyDeletions",,,1,0,,,
"Public Method","org.repodriller.domain.DiffParserTest.realExampleLargeFileWithMultipleDiffBlocks",,,1,0,,,
"Public Method","org.repodriller.domain.DiffParserTest.tabsEnters",,,1,0,,,
"Public Class","org.repodriller.domain.Modification",76,4,18,2,0,1,1
"Public Constructor","org.repodriller.domain.Modification.Modification",,,4,2,,,
"Public Method","org.repodriller.domain.Modification.fileNameEndsWith",,,1,0,,,
"Public Method","org.repodriller.domain.Modification.fileNameMatches",,,1,0,,,
"Public Method","org.repodriller.domain.Modification.getAdded",,,1,0,,,
"Public Method","org.repodriller.domain.Modification.getDiff",,,1,0,,,
"Public Method","org.repodriller.domain.Modification.getFileName",,,3,1,,,
"Public Method","org.repodriller.domain.Modification.getNewPath",,,1,0,,,
"Public Method","org.repodriller.domain.Modification.getOldPath",,,1,0,,,
"Public Method","org.repodriller.domain.Modification.getRemoved",,,1,0,,,
"Public Method","org.repodriller.domain.Modification.getSourceCode",,,1,0,,,
"Public Method","org.repodriller.domain.Modification.getType",,,1,0,,,
"Public Method","org.repodriller.domain.Modification.toString",,,1,0,,,
"Public Method","org.repodriller.domain.Modification.wasDeleted",,,1,0,,,
"Public Class","org.repodriller.domain.ModificationTest",0,5,2,0,0,1,1
"Public Method","org.repodriller.domain.ModificationTest.shouldGetAddsAndRemoves",,,1,0,,,
"Public Method","org.repodriller.domain.ModificationTest.shouldGetNameOfFileEvenWhenDeleted",,,1,0,,,
"Public Enum Type","org.repodriller.domain.ModificationType",,1,0,0,0,1,1
"Public Implicit Method","org.repodriller.domain.ModificationType.valueOf",,,0,,,,
"Public Implicit Method","org.repodriller.domain.ModificationType.values",,,0,,,,
"Package","org.repodriller.filter",,,0,0,,,
"Package","org.repodriller.filter.commit",,,15,0,,,
"Public Interface","org.repodriller.filter.commit.CommitFilter",0,1,0,0,5,0,0
"Abstract Method","org.repodriller.filter.commit.CommitFilter.accept",,,0,0,,,
"Public Class","org.repodriller.filter.commit.NoFilter",0,1,1,0,0,2,1
"Public Method","org.repodriller.filter.commit.NoFilter.accept",,,1,0,,,
"Public Class","org.repodriller.filter.commit.OnlyInBranches",50,3,3,0,0,2,1
"Public Constructor","org.repodriller.filter.commit.OnlyInBranches.OnlyInBranches",,,1,0,,,
"Public Method","org.repodriller.filter.commit.OnlyInBranches.accept",,,2,0,,,
"Lambda Method","org.repodriller.filter.commit.OnlyInBranches.accept.(lambda_expr_1)",,,2,0,,,
"Lambda Method","org.repodriller.filter.commit.OnlyInBranches.accept.(lambda_expr_1).(lambda_expr_2)",,,1,0,,,
"Public Class","org.repodriller.filter.commit.OnlyInBranchesTest",0,9,1,0,0,1,1
"Public Method","org.repodriller.filter.commit.OnlyInBranchesTest.shouldAcceptIfCommitBelongsToMainBranch",,,1,0,,,
"Public Class","org.repodriller.filter.commit.OnlyInMainBranch",0,1,1,0,0,2,1
"Public Method","org.repodriller.filter.commit.OnlyInMainBranch.accept",,,1,0,,,
"Public Class","org.repodriller.filter.commit.OnlyInMainBranchTest",0,10,1,0,0,1,1
"Public Method","org.repodriller.filter.commit.OnlyInMainBranchTest.shouldAcceptIfCommitBelongsToAnyOfBranchesInTheList",,,1,0,,,
"Public Class","org.repodriller.filter.commit.OnlyModificationsWithFileTypes",50,2,3,0,0,2,1
"Public Constructor","org.repodriller.filter.commit.OnlyModificationsWithFileTypes.OnlyModificationsWithFileTypes",,,1,0,,,
"Public Method","org.repodriller.filter.commit.OnlyModificationsWithFileTypes.accept",,,2,0,,,
"Lambda Method","org.repodriller.filter.commit.OnlyModificationsWithFileTypes.accept.(lambda_expr_1)",,,2,0,,,
"Lambda Method","org.repodriller.filter.commit.OnlyModificationsWithFileTypes.accept.(lambda_expr_1).(lambda_expr_2)",,,1,0,,,
"Public Class","org.repodriller.filter.commit.OnlyModificationsWithFileTypesTest",0,12,1,0,0,1,1
"Public Method","org.repodriller.filter.commit.OnlyModificationsWithFileTypesTest.shouldAcceptIfCommitContainsFilesWithThatType",,,1,0,,,
"Public Class","org.repodriller.filter.commit.OnlyNoMerge",0,1,1,0,0,2,1
"Public Method","org.repodriller.filter.commit.OnlyNoMerge.accept",,,1,0,,,
"Public Class","org.repodriller.filter.commit.OnlyNoMergeTest",0,9,1,0,0,1,1
"Public Method","org.repodriller.filter.commit.OnlyNoMergeTest.shouldAcceptIfCommitIsNotAMergeCommit",,,1,0,,,
"Package","org.repodriller.filter.diff",,,11,0,,,
"Public Interface","org.repodriller.filter.diff.DiffFilter",0,1,0,0,3,0,0
"Abstract Method","org.repodriller.filter.diff.DiffFilter.accept",,,0,0,,,
"Public Class","org.repodriller.filter.diff.NoDiffFilter",0,2,1,0,0,2,1
"Public Method","org.repodriller.filter.diff.NoDiffFilter.accept",,,1,0,,,
"Public Class","org.repodriller.filter.diff.OnlyDiffsWithFileTypes",0,4,2,0,0,2,1
"Public Constructor","org.repodriller.filter.diff.OnlyDiffsWithFileTypes.OnlyDiffsWithFileTypes",,,1,0,,,
"Public Method","org.repodriller.filter.diff.OnlyDiffsWithFileTypes.accept",,,1,0,,,
"Public Class","org.repodriller.filter.diff.OnlyDiffsWithFileTypesTest",0,4,3,0,0,1,1
"Public Method","org.repodriller.filter.diff.OnlyDiffsWithFileTypesTest.shouldAcceptIfFileHasExtensionWithDot",,,1,0,,,
"Public Method","org.repodriller.filter.diff.OnlyDiffsWithFileTypesTest.shouldAcceptIfFileHasExtensionWithoutDot",,,1,0,,,
"Public Method","org.repodriller.filter.diff.OnlyDiffsWithFileTypesTest.shouldRejectIfFileDoesNotMatchExtensions",,,1,0,,,
"Public Class","org.repodriller.filter.diff.OnlyDiffsWithoutFileTypes",0,4,2,0,0,2,1
"Public Constructor","org.repodriller.filter.diff.OnlyDiffsWithoutFileTypes.OnlyDiffsWithoutFileTypes",,,1,0,,,
"Public Method","org.repodriller.filter.diff.OnlyDiffsWithoutFileTypes.accept",,,1,0,,,
"Public Class","org.repodriller.filter.diff.OnlyDiffsWithoutFileTypesTest",0,4,3,0,0,1,1
"Public Method","org.repodriller.filter.diff.OnlyDiffsWithoutFileTypesTest.shouldAcceptIfFileDoesNotMatchExtensions",,,1,0,,,
"Public Method","org.repodriller.filter.diff.OnlyDiffsWithoutFileTypesTest.shouldRejectIfFileHasExtensionWithDot",,,1,0,,,
"Public Method","org.repodriller.filter.diff.OnlyDiffsWithoutFileTypesTest.shouldRejectIfFileHasExtensionWithoutDot",,,1,0,,,
"Package","org.repodriller.filter.range",,,68,2,,,
"Public Class","org.repodriller.filter.range.AllCommits",0,3,1,0,0,2,1
"Public Method","org.repodriller.filter.range.AllCommits.get",,,1,0,,,
"Public Class","org.repodriller.filter.range.BetweenDates",33,6,5,2,0,2,1
"Public Constructor","org.repodriller.filter.range.BetweenDates.BetweenDates",,,1,0,,,
"Public Method","org.repodriller.filter.range.BetweenDates.get",,,3,2,,,
"Private Method","org.repodriller.filter.range.BetweenDates.isInTheRange",,,1,0,,,
"Public Class","org.repodriller.filter.range.BetweenDatesTest",25,11,2,0,0,1,1
"Public Method","org.repodriller.filter.range.BetweenDatesTest.setUp",,,1,0,,,
"Public Method","org.repodriller.filter.range.BetweenDatesTest.should_get_commits_in_range",,,1,0,,,
"Public Class","org.repodriller.filter.range.BetweenTags",0,5,2,0,0,2,1
"Public Constructor","org.repodriller.filter.range.BetweenTags.BetweenTags",,,1,0,,,
"Public Method","org.repodriller.filter.range.BetweenTags.get",,,1,0,,,
"Public Interface","org.repodriller.filter.range.CommitRange",0,2,0,0,11,0,0
"Abstract Method","org.repodriller.filter.range.CommitRange.get",,,0,0,,,
"Public Class","org.repodriller.filter.range.Commits",0,14,10,0,0,1,1
"Public Static Method","org.repodriller.filter.range.Commits.all",,,1,0,,,
"Public Static Method","org.repodriller.filter.range.Commits.betweenDates",,,1,0,,,
"Public Static Method","org.repodriller.filter.range.Commits.betweenTags",,,1,0,,,
"Public Static Method","org.repodriller.filter.range.Commits.daily",,,1,0,,,
"Public Static Method","org.repodriller.filter.range.Commits.list",,,1,0,,,
"Public Static Method","org.repodriller.filter.range.Commits.monthly",,,1,0,,,
"Public Static Method","org.repodriller.filter.range.Commits.onlyInHead",,,1,0,,,
"Public Static Method","org.repodriller.filter.range.Commits.range",,,1,0,,,
"Public Static Method","org.repodriller.filter.range.Commits.since",,,1,0,,,
"Public Static Method","org.repodriller.filter.range.Commits.single",,,1,0,,,
"Public Class","org.repodriller.filter.range.DailyCommits",33,7,5,2,0,2,1
"Public Constructor","org.repodriller.filter.range.DailyCommits.DailyCommits",,,1,0,,,
"Public Method","org.repodriller.filter.range.DailyCommits.get",,,3,2,,,
"Private Method","org.repodriller.filter.range.DailyCommits.isFarFromTheLastOne",,,1,0,,,
"Public Class","org.repodriller.filter.range.LastMonths",25,6,4,2,0,2,1
"Public Constructor","org.repodriller.filter.range.LastMonths.LastMonths",,,1,0,,,
"Public Method","org.repodriller.filter.range.LastMonths.get",,,3,2,,,
"Public Class","org.repodriller.filter.range.LastMonthsTest",0,11,3,0,0,1,1
"Public Method","org.repodriller.filter.range.LastMonthsTest.setUp",,,1,0,,,
"Public Method","org.repodriller.filter.range.LastMonthsTest.should_get_all_commits_until_number_of_months",,,1,0,,,
"Public Method","org.repodriller.filter.range.LastMonthsTest.should_not_all_commits_after_number_of_months",,,1,0,,,
"Public Class","org.repodriller.filter.range.ListOfCommits",0,5,4,2,0,2,1
"Public Constructor","org.repodriller.filter.range.ListOfCommits.ListOfCommits",,,1,0,,,
"Public Method","org.repodriller.filter.range.ListOfCommits.get",,,3,2,,,
"Public Class","org.repodriller.filter.range.ListOfCommitsTest",25,11,2,0,0,1,1
"Public Method","org.repodriller.filter.range.ListOfCommitsTest.setUp",,,1,0,,,
"Public Method","org.repodriller.filter.range.ListOfCommitsTest.should_get_commits_in_range",,,1,0,,,
"Public Class","org.repodriller.filter.range.MonthlyCommits",33,7,5,2,0,2,1
"Public Constructor","org.repodriller.filter.range.MonthlyCommits.MonthlyCommits",,,1,0,,,
"Public Method","org.repodriller.filter.range.MonthlyCommits.get",,,3,2,,,
"Private Method","org.repodriller.filter.range.MonthlyCommits.isFarFromTheLastOne",,,1,0,,,
"Public Class","org.repodriller.filter.range.OnlyInHead",0,4,1,0,0,2,1
"Public Method","org.repodriller.filter.range.OnlyInHead.get",,,1,0,,,
"Public Class","org.repodriller.filter.range.Range",0,6,8,2,0,2,1
"Public Constructor","org.repodriller.filter.range.Range.Range",,,1,0,,,
"Public Method","org.repodriller.filter.range.Range.get",,,7,2,,,
"Public Class","org.repodriller.filter.range.RangeTest",17,11,3,0,0,1,1
"Public Method","org.repodriller.filter.range.RangeTest.setUp",,,1,0,,,
"Public Method","org.repodriller.filter.range.RangeTest.should_get_commits_in_range",,,1,0,,,
"Public Method","org.repodriller.filter.range.RangeTest.should_get_commits_in_range_even_if_list_is_upside_down",,,1,0,,,
"Public Class","org.repodriller.filter.range.SinceCommit",33,6,5,2,0,2,1
"Public Constructor","org.repodriller.filter.range.SinceCommit.SinceCommit",,,1,0,,,
"Public Method","org.repodriller.filter.range.SinceCommit.get",,,3,2,,,
"Private Method","org.repodriller.filter.range.SinceCommit.isInTheRange",,,1,0,,,
"Public Class","org.repodriller.filter.range.SinceCommitTest",25,11,2,0,0,1,1
"Public Method","org.repodriller.filter.range.SinceCommitTest.setUp",,,1,0,,,
"Public Method","org.repodriller.filter.range.SinceCommitTest.should_get_commits_in_range",,,1,0,,,
"Public Class","org.repodriller.filter.range.SingleCommit",0,7,4,2,0,2,1
"Public Constructor","org.repodriller.filter.range.SingleCommit.SingleCommit",,,1,0,,,
"Public Method","org.repodriller.filter.range.SingleCommit.get",,,3,2,,,
"Public Class","org.repodriller.filter.range.SingleCommitTest",25,11,2,0,0,1,1
"Public Method","org.repodriller.filter.range.SingleCommitTest.setUp",,,1,0,,,
"Public Method","org.repodriller.filter.range.SingleCommitTest.should_get_specific_commits",,,1,0,,,
"Package","org.repodriller.integration",,,60,1,,,
"Public Class","org.repodriller.integration.BetweenDatesTest",0,13,3,0,0,1,1
"Public Method","org.repodriller.integration.BetweenDatesTest.setUp",,,1,0,,,
"Public Method","org.repodriller.integration.BetweenDatesTest.shouldFilterByDatesInAscedentOrder",,,1,0,,,
"Public Method","org.repodriller.integration.BetweenDatesTest.shouldFilterByDatesInReverseOrder",,,1,0,,,
"Public Class","org.repodriller.integration.BetweenTagsTest",0,9,2,0,0,1,1
"Public Method","org.repodriller.integration.BetweenTagsTest.getCommitsBetween2Revisions",,,1,0,,,
"Public Method","org.repodriller.integration.BetweenTagsTest.setUp",,,1,0,,,
"Public Class","org.repodriller.integration.CommitFilterIntegrationTest",38,12,4,0,0,1,1
"Public Method","org.repodriller.integration.CommitFilterIntegrationTest.setUp",,,1,0,,,
"Public Method","org.repodriller.integration.CommitFilterIntegrationTest.shouldFilterCommits",,,1,0,,,
"Public Method","org.repodriller.integration.CommitFilterIntegrationTest.shouldFilterCommitsUsingManyFilters",,,1,0,,,
"Public Method","org.repodriller.integration.CommitFilterIntegrationTest.shouldVisitAllIfNoFilter",,,1,0,,,
"Public Class","org.repodriller.integration.ConcurrencyTest",50,17,14,1,0,1,1
"Private Method","org.repodriller.integration.ConcurrencyTest.addVisitorToResults",,,1,0,,,
"Private Method","org.repodriller.integration.ConcurrencyTest.addVisitorToResults",,,1,0,,,
"Public Method","org.repodriller.integration.ConcurrencyTest.catchesInvalidConfig",,,2,1,,,
"Public Method","org.repodriller.integration.ConcurrencyTest.changingRepoState_Concurrent",,,1,0,,,
"Public Method","org.repodriller.integration.ConcurrencyTest.changingRepoState_Sequential",,,1,0,,,
"Public Method","org.repodriller.integration.ConcurrencyTest.changingRepoState_defaultThreads",,,1,0,,,
"Public Static Method","org.repodriller.integration.ConcurrencyTest.checkResults",,,2,0,,,
"Lambda Method","org.repodriller.integration.ConcurrencyTest.checkResults.(lambda_expr_1)",,,1,0,,,
"Public Method","org.repodriller.integration.ConcurrencyTest.heavyConcurrent",,,1,0,,,
"Public Method","org.repodriller.integration.ConcurrencyTest.sequential",,,1,0,,,
"Public Method","org.repodriller.integration.ConcurrencyTest.setPath",,,1,0,,,
"Public Static Method","org.repodriller.integration.ConcurrencyTest.setUp",,,1,0,,,
"Public Method","org.repodriller.integration.ConcurrencyTest.simpleConcurrent",,,1,0,,,
"Public Class","org.repodriller.integration.DatesAndTimezonesTest",33,9,3,0,0,1,1
"Public Method","org.repodriller.integration.DatesAndTimezonesTest.oneTimezone",,,1,0,,,
"Public Method","org.repodriller.integration.DatesAndTimezonesTest.otherTimezone",,,1,0,,,
"Public Method","org.repodriller.integration.DatesAndTimezonesTest.setUp",,,1,0,,,
"Public Class","org.repodriller.integration.FirstParentOnlyTest",0,8,3,0,0,1,1
"Public Method","org.repodriller.integration.FirstParentOnlyTest.firstParentsOnly",,,1,0,,,
"Public Method","org.repodriller.integration.FirstParentOnlyTest.firstParentsOnlyInReverseOrder",,,1,0,,,
"Public Method","org.repodriller.integration.FirstParentOnlyTest.setUp",,,1,0,,,
"Public Class","org.repodriller.integration.OnlyModificationsWithFileTypeTest",0,10,2,0,0,1,1
"Public Method","org.repodriller.integration.OnlyModificationsWithFileTypeTest.setUp",,,1,0,,,
"Public Method","org.repodriller.integration.OnlyModificationsWithFileTypeTest.shouldFilterCommits",,,1,0,,,
"Public Class","org.repodriller.integration.ReverseOrderTest",0,8,3,0,0,1,1
"Public Method","org.repodriller.integration.ReverseOrderTest.setUp",,,1,0,,,
"Public Method","org.repodriller.integration.ReverseOrderTest.shouldVisitInAscendentOrder",,,1,0,,,
"Public Method","org.repodriller.integration.ReverseOrderTest.shouldVisitInDescendentOrder",,,1,0,,,
"Public Class","org.repodriller.integration.TSCheckoutTestVisitor",50,11,6,0,0,2,1
"Public Constructor","org.repodriller.integration.TSCheckoutTestVisitor.TSCheckoutTestVisitor",,,1,0,,,
"Public Method","org.repodriller.integration.TSCheckoutTestVisitor.getVisitedCommits",,,1,0,,,
"Public Method","org.repodriller.integration.TSCheckoutTestVisitor.getVisitedHashes",,,1,0,,,
"Public Method","org.repodriller.integration.TSCheckoutTestVisitor.getVisitedTimes",,,1,0,,,
"Public Method","org.repodriller.integration.TSCheckoutTestVisitor.name",,,1,0,,,
"Public Method","org.repodriller.integration.TSCheckoutTestVisitor.process",,,1,0,,,
"Public Class","org.repodriller.integration.TSTestVisitor",50,10,6,0,0,2,1
"Public Constructor","org.repodriller.integration.TSTestVisitor.TSTestVisitor",,,1,0,,,
"Public Method","org.repodriller.integration.TSTestVisitor.getVisitedCommits",,,1,0,,,
"Public Method","org.repodriller.integration.TSTestVisitor.getVisitedHashes",,,1,0,,,
"Public Method","org.repodriller.integration.TSTestVisitor.getVisitedTimes",,,1,0,,,
"Public Method","org.repodriller.integration.TSTestVisitor.name",,,1,0,,,
"Public Method","org.repodriller.integration.TSTestVisitor.process",,,1,0,,,
"Public Class","org.repodriller.integration.TestVisitor",50,7,6,0,0,2,1
"Public Constructor","org.repodriller.integration.TestVisitor.TestVisitor",,,1,0,,,
"Public Method","org.repodriller.integration.TestVisitor.getVisitedCommits",,,1,0,,,
"Public Method","org.repodriller.integration.TestVisitor.getVisitedHashes",,,1,0,,,
"Public Method","org.repodriller.integration.TestVisitor.getVisitedTimes",,,1,0,,,
"Public Method","org.repodriller.integration.TestVisitor.name",,,1,0,,,
"Public Method","org.repodriller.integration.TestVisitor.process",,,1,0,,,
"Public Class","org.repodriller.integration.ThrowingTest",0,7,2,0,0,1,1
"Public Method","org.repodriller.integration.ThrowingTest.setUp",,,1,0,,,
"Public Method","org.repodriller.integration.ThrowingTest.visitWhileVisitorThrows",,,1,0,,,
"Public Class","org.repodriller.integration.ThrowingTestVisitor",50,8,6,0,0,2,1
"Public Constructor","org.repodriller.integration.ThrowingTestVisitor.ThrowingTestVisitor",,,1,0,,,
"Public Method","org.repodriller.integration.ThrowingTestVisitor.getVisitedCommits",,,1,0,,,
"Public Method","org.repodriller.integration.ThrowingTestVisitor.getVisitedHashes",,,1,0,,,
"Public Method","org.repodriller.integration.ThrowingTestVisitor.getVisitedTimes",,,1,0,,,
"Public Method","org.repodriller.integration.ThrowingTestVisitor.name",,,1,0,,,
"Public Method","org.repodriller.integration.ThrowingTestVisitor.process",,,1,0,,,
"Package","org.repodriller.memory",,,15,2,,,
"Public Class","org.repodriller.memory.MemoryConsumptionTest",67,19,12,2,0,1,1
"Class","org.repodriller.memory.MemoryConsumptionTest.MemoryVisitor",0,8,3,1,0,2,1
"Public Method","org.repodriller.memory.MemoryConsumptionTest.MemoryVisitor.process",,,3,1,,,
"Public Method","org.repodriller.memory.MemoryConsumptionTest.measureMemoryConsumption",,,4,1,,,
"Lambda Method","org.repodriller.memory.MemoryConsumptionTest.measureMemoryConsumption.(lambda_expr_1)",,,1,0,,,
"Lambda Method","org.repodriller.memory.MemoryConsumptionTest.measureMemoryConsumption.(lambda_expr_2)",,,1,0,,,
"Private Method","org.repodriller.memory.MemoryConsumptionTest.postGithub",,,7,2,,,
"Lambda Method","org.repodriller.memory.MemoryConsumptionTest.postGithub.(lambda_expr_1)",,,1,0,,,
"Lambda Method","org.repodriller.memory.MemoryConsumptionTest.postGithub.(lambda_expr_2)",,,1,0,,,
"Private Method","org.repodriller.memory.MemoryConsumptionTest.runningInTravis",,,1,0,,,
"Package","org.repodriller.persistence",,,3,0,,,
"Public Class","org.repodriller.persistence.NoPersistence",0,1,2,0,0,2,1
"Public Method","org.repodriller.persistence.NoPersistence.close",,,1,0,,,
"Public Method","org.repodriller.persistence.NoPersistence.write",,,1,0,,,
"Public Interface","org.repodriller.persistence.PersistenceMechanism",0,0,0,0,2,0,0
"Abstract Method","org.repodriller.persistence.PersistenceMechanism.close",,,0,0,,,
"Abstract Method","org.repodriller.persistence.PersistenceMechanism.write",,,0,0,,,
"Public Class","org.repodriller.persistence.PersistenceMechanismException",0,1,1,0,0,1,2
"Public Constructor","org.repodriller.persistence.PersistenceMechanismException.PersistenceMechanismException",,,1,0,,,
"Package","org.repodriller.persistence.csv",,,32,2,,,
"Public Class","org.repodriller.persistence.csv.CSVFile",78,15,21,2,0,2,1
"Public Constructor","org.repodriller.persistence.csv.CSVFile.CSVFile",,,1,0,,,
"Public Constructor","org.repodriller.persistence.csv.CSVFile.CSVFile",,,1,0,,,
"Public Constructor","org.repodriller.persistence.csv.CSVFile.CSVFile",,,3,2,,,
"Public Constructor","org.repodriller.persistence.csv.CSVFile.CSVFile",,,1,0,,,
"Public Constructor","org.repodriller.persistence.csv.CSVFile.CSVFile",,,1,0,,,
"Public Constructor","org.repodriller.persistence.csv.CSVFile.CSVFile",,,1,0,,,
"Public Constructor","org.repodriller.persistence.csv.CSVFile.CSVFile",,,1,0,,,
"Public Constructor","org.repodriller.persistence.csv.CSVFile.CSVFile",,,1,0,,,
"Public Constructor","org.repodriller.persistence.csv.CSVFile.CSVFile",,,1,0,,,
"Public Method","org.repodriller.persistence.csv.CSVFile.close",,,2,1,,,
"Private Method","org.repodriller.persistence.csv.CSVFile.open",,,2,1,,,
"Public Method","org.repodriller.persistence.csv.CSVFile.write",,,6,2,,,
"Lambda Method","org.repodriller.persistence.csv.CSVFile.write.(lambda_expr_1)",,,3,0,,,
"Public Class","org.repodriller.persistence.csv.CSVFileFormatException",0,1,1,0,0,1,2
"Public Constructor","org.repodriller.persistence.csv.CSVFileFormatException.CSVFileFormatException",,,1,0,,,
"Public Class","org.repodriller.persistence.csv.CSVFileTest",11,11,10,0,0,1,1
"Public Method","org.repodriller.persistence.csv.CSVFileTest.escapeStrings",,,1,0,,,
"Public Method","org.repodriller.persistence.csv.CSVFileTest.nullHeader",,,1,0,,,
"Public Method","org.repodriller.persistence.csv.CSVFileTest.printNulls",,,1,0,,,
"Public Method","org.repodriller.persistence.csv.CSVFileTest.printSimpleCSV",,,1,0,,,
"Public Method","org.repodriller.persistence.csv.CSVFileTest.printStringsAndOtherTypes",,,1,0,,,
"Public Method","org.repodriller.persistence.csv.CSVFileTest.setUp",,,2,0,,,
"Public Method","org.repodriller.persistence.csv.CSVFileTest.singleColumn",,,1,0,,,
"Public Method","org.repodriller.persistence.csv.CSVFileTest.valuesDoNotMatchHeaders",,,1,0,,,
"Public Method","org.repodriller.persistence.csv.CSVFileTest.valuesMatchHeaders",,,1,0,,,
"Package","org.repodriller.scm",,,265,3,,,
"Public Class","org.repodriller.scm.BlamedLine",44,2,29,2,0,1,1
"Public Constructor","org.repodriller.scm.BlamedLine.BlamedLine",,,1,0,,,
"Public Method","org.repodriller.scm.BlamedLine.equals",,,17,2,,,
"Public Method","org.repodriller.scm.BlamedLine.getAuthor",,,1,0,,,
"Public Method","org.repodriller.scm.BlamedLine.getCommit",,,1,0,,,
"Public Method","org.repodriller.scm.BlamedLine.getCommitter",,,1,0,,,
"Public Method","org.repodriller.scm.BlamedLine.getLine",,,1,0,,,
"Public Method","org.repodriller.scm.BlamedLine.getLineNumber",,,1,0,,,
"Public Method","org.repodriller.scm.BlamedLine.hashCode",,,5,0,,,
"Public Method","org.repodriller.scm.BlamedLine.toString",,,1,0,,,
"Public Class","org.repodriller.scm.CollectConfiguration",68,4,12,0,0,1,1
"Public Method","org.repodriller.scm.CollectConfiguration.basicOnly",,,1,0,,,
"Public Method","org.repodriller.scm.CollectConfiguration.branches",,,1,0,,,
"Public Method","org.repodriller.scm.CollectConfiguration.commitMessages",,,1,0,,,
"Public Method","org.repodriller.scm.CollectConfiguration.diffs",,,1,0,,,
"Public Method","org.repodriller.scm.CollectConfiguration.diffs",,,1,0,,,
"Public Method","org.repodriller.scm.CollectConfiguration.everything",,,1,0,,,
"Public Method","org.repodriller.scm.CollectConfiguration.getDiffFilters",,,1,0,,,
"Public Method","org.repodriller.scm.CollectConfiguration.isCollectingBranches",,,1,0,,,
"Public Method","org.repodriller.scm.CollectConfiguration.isCollectingCommitMessages",,,1,0,,,
"Public Method","org.repodriller.scm.CollectConfiguration.isCollectingDiffs",,,1,0,,,
"Public Method","org.repodriller.scm.CollectConfiguration.isCollectingSourceCode",,,1,0,,,
"Public Method","org.repodriller.scm.CollectConfiguration.sourceCode",,,1,0,,,
"Public Interface","org.repodriller.scm.CommitVisitor",0,4,3,0,5,0,0
"Method","org.repodriller.scm.CommitVisitor.finalize",,,1,0,,,
"Method","org.repodriller.scm.CommitVisitor.initialize",,,1,0,,,
"Method","org.repodriller.scm.CommitVisitor.name",,,1,0,,,
"Abstract Method","org.repodriller.scm.CommitVisitor.process",,,0,0,,,
"Public Class","org.repodriller.scm.FirstParentFilter",50,6,4,1,0,1,2
"Public Method","org.repodriller.scm.FirstParentFilter.clone",,,1,0,,,
"Public Method","org.repodriller.scm.FirstParentFilter.include",,,3,1,,,
"Public Class","org.repodriller.scm.GitRemoteRepository",78,19,22,2,0,1,2
"Public Constructor","org.repodriller.scm.GitRemoteRepository.GitRemoteRepository",,,1,0,,,
"Public Constructor","org.repodriller.scm.GitRemoteRepository.GitRemoteRepository",,,4,2,,,
"Public Static Method","org.repodriller.scm.GitRemoteRepository.allProjectsIn",,,1,0,,,
"Protected Static Method","org.repodriller.scm.GitRemoteRepository.allProjectsIn",,,2,1,,,
"Public Method","org.repodriller.scm.GitRemoteRepository.clone",,,2,1,,,
"Private Method","org.repodriller.scm.GitRemoteRepository.cloneGitRepository",,,2,1,,,
"Public Method","org.repodriller.scm.GitRemoteRepository.delete",,,3,2,,,
"Public Static Method","org.repodriller.scm.GitRemoteRepository.hostedOn",,,1,0,,,
"Public Static Method","org.repodriller.scm.GitRemoteRepository.hostedOn",,,1,0,,,
"Private Static Method","org.repodriller.scm.GitRemoteRepository.repoNameFromURI",,,3,1,,,
"Public Static Method","org.repodriller.scm.GitRemoteRepository.singleProject",,,1,0,,,
"Public Static Method","org.repodriller.scm.GitRemoteRepository.singleProject",,,1,0,,,
"Public Abstract Class","org.repodriller.scm.GitRemoteRepositoryBuilder",0,1,0,0,2,1,1
"Public Class","org.repodriller.scm.GitRepository",89,58,95,3,1,2,1
"Protected Constructor","org.repodriller.scm.GitRepository.GitRepository",,,1,0,,,
"Public Constructor","org.repodriller.scm.GitRepository.GitRepository",,,1,0,,,
"Public Constructor","org.repodriller.scm.GitRepository.GitRepository",,,1,0,,,
"Public Static Method","org.repodriller.scm.GitRepository.allProjectsIn",,,1,0,,,
"Public Static Method","org.repodriller.scm.GitRepository.allProjectsIn",,,2,1,,,
"Public Method","org.repodriller.scm.GitRepository.blame",,,1,0,,,
"Public Method","org.repodriller.scm.GitRepository.blame",,,1,0,,,
"Public Method","org.repodriller.scm.GitRepository.blame",,,5,3,,,
"Private Method","org.repodriller.scm.GitRepository.checkMaxNumberOfFiles",,,2,1,,,
"Private Method","org.repodriller.scm.GitRepository.checkMaxSizeOfDiff",,,2,1,,,
"Public Method","org.repodriller.scm.GitRepository.checkout",,,2,1,,,
"Public Method","org.repodriller.scm.GitRepository.clone",,,1,0,,,
"Private Method","org.repodriller.scm.GitRepository.convertToDate",,,1,0,,,
"Public Method","org.repodriller.scm.GitRepository.delete",,,3,2,,,
"Private Method","org.repodriller.scm.GitRepository.deleteMMBranch",,,3,2,,,
"Private Method","org.repodriller.scm.GitRepository.diffFiltersAccept",,,3,2,,,
"Private Method","org.repodriller.scm.GitRepository.diffToModification",,,3,1,,,
"Private Method","org.repodriller.scm.GitRepository.diffsForTheCommit",,,2,0,,,
"Private Method","org.repodriller.scm.GitRepository.discoverMainBranchName",,,1,0,,,
"Private Method","org.repodriller.scm.GitRepository.extractChangeSet",,,1,0,,,
"Public Method","org.repodriller.scm.GitRepository.files",,,2,1,,,
"Private Method","org.repodriller.scm.GitRepository.firstParentsOnly",,,3,2,,,
"Private Method","org.repodriller.scm.GitRepository.getActualRefObjectId",,,2,1,,,
"Private Method","org.repodriller.scm.GitRepository.getAllCommits",,,2,1,,,
"Private Method","org.repodriller.scm.GitRepository.getAllFilesInPath",,,1,0,,,
"Private Method","org.repodriller.scm.GitRepository.getBranches",,,3,1,,,
"Lambda Method","org.repodriller.scm.GitRepository.getBranches.(lambda_expr_1)",,,1,0,,,
"Public Method","org.repodriller.scm.GitRepository.getChangeSets",,,3,2,,,
"Public Method","org.repodriller.scm.GitRepository.getCommit",,,8,3,,,
"Lambda Method","org.repodriller.scm.GitRepository.getCommit.(lambda_expr_1)",,,1,0,,,
"Public Method","org.repodriller.scm.GitRepository.getCommitFromTag",,,3,2,,,
"Public Method","org.repodriller.scm.GitRepository.getDiffBetweenCommits",,,4,2,,,
"Private Method","org.repodriller.scm.GitRepository.getDiffBetweenCommits",,,3,3,,,
"Lambda Method","org.repodriller.scm.GitRepository.getDiffBetweenCommits.(lambda_expr_1)",,,2,0,,,
"Private Method","org.repodriller.scm.GitRepository.getDiffText",,,3,1,,,
"Public Method","org.repodriller.scm.GitRepository.getHead",,,2,1,,,
"Public Method","org.repodriller.scm.GitRepository.getMaxNumberFilesInACommit",,,1,0,,,
"Private Method","org.repodriller.scm.GitRepository.getSourceCode",,,3,1,,,
"Private Method","org.repodriller.scm.GitRepository.getSystemProperty",,,1,0,,,
"Public Method","org.repodriller.scm.GitRepository.info",,,2,1,,,
"Protected Method","org.repodriller.scm.GitRepository.openRepository",,,2,1,,,
"Public Method","org.repodriller.scm.GitRepository.reset",,,2,1,,,
"Private Method","org.repodriller.scm.GitRepository.setContext",,,2,1,,,
"Public Method","org.repodriller.scm.GitRepository.setDataToCollect",,,1,0,,,
"Public Method","org.repodriller.scm.GitRepository.setFirstParentOnly",,,1,0,,,
"Public Method","org.repodriller.scm.GitRepository.setPath",,,1,0,,,
"Public Static Method","org.repodriller.scm.GitRepository.singleProject",,,1,0,,,
"Public Static Method","org.repodriller.scm.GitRepository.singleProject",,,1,0,,,
"Public Method","org.repodriller.scm.GitRepository.totalCommits",,,1,0,,,
"Public Class","org.repodriller.scm.MultipleGitRemoteRepositoryBuilder",50,4,4,0,0,1,2
"Public Constructor","org.repodriller.scm.MultipleGitRemoteRepositoryBuilder.MultipleGitRemoteRepositoryBuilder",,,1,0,,,
"Public Method","org.repodriller.scm.MultipleGitRemoteRepositoryBuilder.asBareRepos",,,1,0,,,
"Public Method","org.repodriller.scm.MultipleGitRemoteRepositoryBuilder.buildAsSCMRepositories",,,1,0,,,
"Public Method","org.repodriller.scm.MultipleGitRemoteRepositoryBuilder.inTempDir",,,1,0,,,
"Public Class","org.repodriller.scm.RepositoryFile",13,4,8,0,0,1,1
"Public Constructor","org.repodriller.scm.RepositoryFile.RepositoryFile",,,1,0,,,
"Public Method","org.repodriller.scm.RepositoryFile.fileNameContains",,,1,0,,,
"Public Method","org.repodriller.scm.RepositoryFile.fileNameEndsWith",,,1,0,,,
"Public Method","org.repodriller.scm.RepositoryFile.fileNameMatches",,,1,0,,,
"Public Method","org.repodriller.scm.RepositoryFile.getFile",,,1,0,,,
"Public Method","org.repodriller.scm.RepositoryFile.getFullName",,,1,0,,,
"Public Method","org.repodriller.scm.RepositoryFile.getSourceCode",,,1,0,,,
"Public Method","org.repodriller.scm.RepositoryFile.toString",,,1,0,,,
"Public Interface","org.repodriller.scm.SCM",0,9,0,0,2,0,0
"Abstract Method","org.repodriller.scm.SCM.blame",,,0,0,,,
"Abstract Method","org.repodriller.scm.SCM.blame",,,0,0,,,
"Abstract Method","org.repodriller.scm.SCM.checkout",,,0,0,,,
"Abstract Method","org.repodriller.scm.SCM.clone",,,0,0,,,
"Abstract Method","org.repodriller.scm.SCM.delete",,,0,0,,,
"Abstract Method","org.repodriller.scm.SCM.files",,,0,0,,,
"Abstract Method","org.repodriller.scm.SCM.getChangeSets",,,0,0,,,
"Abstract Method","org.repodriller.scm.SCM.getCommit",,,0,0,,,
"Abstract Method","org.repodriller.scm.SCM.getCommitFromTag",,,0,0,,,
"Abstract Method","org.repodriller.scm.SCM.getDiffBetweenCommits",,,0,0,,,
"Abstract Method","org.repodriller.scm.SCM.getHead",,,0,0,,,
"Abstract Method","org.repodriller.scm.SCM.info",,,0,0,,,
"Abstract Method","org.repodriller.scm.SCM.reset",,,0,0,,,
"Abstract Method","org.repodriller.scm.SCM.setDataToCollect",,,0,0,,,
"Abstract Method","org.repodriller.scm.SCM.totalCommits",,,0,0,,,
"Public Class","org.repodriller.scm.SCMRepository",57,3,9,0,0,1,1
"Public Constructor","org.repodriller.scm.SCMRepository.SCMRepository",,,1,0,,,
"Public Method","org.repodriller.scm.SCMRepository.getFirstCommit",,,1,0,,,
"Public Method","org.repodriller.scm.SCMRepository.getHeadCommit",,,1,0,,,
"Public Method","org.repodriller.scm.SCMRepository.getLastDir",,,1,0,,,
"Public Method","org.repodriller.scm.SCMRepository.getOrigin",,,2,0,,,
"Public Method","org.repodriller.scm.SCMRepository.getPath",,,1,0,,,
"Public Method","org.repodriller.scm.SCMRepository.getScm",,,1,0,,,
"Public Method","org.repodriller.scm.SCMRepository.toString",,,1,0,,,
"Public Class","org.repodriller.scm.SingleGitRemoteRepositoryBuilder",40,4,5,0,0,1,2
"Public Constructor","org.repodriller.scm.SingleGitRemoteRepositoryBuilder.SingleGitRemoteRepositoryBuilder",,,1,0,,,
"Public Method","org.repodriller.scm.SingleGitRemoteRepositoryBuilder.asBareRepos",,,1,0,,,
"Public Method","org.repodriller.scm.SingleGitRemoteRepositoryBuilder.build",,,1,0,,,
"Public Method","org.repodriller.scm.SingleGitRemoteRepositoryBuilder.buildAsSCMRepository",,,1,0,,,
"Public Method","org.repodriller.scm.SingleGitRemoteRepositoryBuilder.inTempDir",,,1,0,,,
"Public Class","org.repodriller.scm.SubversionRepository",88,51,74,3,0,2,1
"Public Constructor","org.repodriller.scm.SubversionRepository.SubversionRepository",,,1,0,,,
"Public Constructor","org.repodriller.scm.SubversionRepository.SubversionRepository",,,1,0,,,
"Public Constructor","org.repodriller.scm.SubversionRepository.SubversionRepository",,,1,0,,,
"Public Constructor","org.repodriller.scm.SubversionRepository.SubversionRepository",,,1,0,,,
"Public Static Method","org.repodriller.scm.SubversionRepository.allProjectsIn",,,1,0,,,
"Public Static Method","org.repodriller.scm.SubversionRepository.allProjectsIn",,,2,1,,,
"Private Method","org.repodriller.scm.SubversionRepository.authenticateIfNecessary",,,2,1,,,
"Public Method","org.repodriller.scm.SubversionRepository.blame",,,2,1,,,
"Public Method","org.repodriller.scm.SubversionRepository.blame",,,1,0,,,
"Private Method","org.repodriller.scm.SubversionRepository.checkMaxNumber",,,3,1,,,
"Public Method","org.repodriller.scm.SubversionRepository.checkout",,,3,1,,,
"Private Method","org.repodriller.scm.SubversionRepository.clearWorkingCopy",,,2,1,,,
"Public Method","org.repodriller.scm.SubversionRepository.clone",,,1,0,,,
"Private Method","org.repodriller.scm.SubversionRepository.convertToCalendar",,,1,0,,,
"Private Method","org.repodriller.scm.SubversionRepository.createCommit",,,1,0,,,
"Private Method","org.repodriller.scm.SubversionRepository.createWorkingCopy",,,3,2,,,
"Public Method","org.repodriller.scm.SubversionRepository.delete",,,3,2,,,
"Public Method","org.repodriller.scm.SubversionRepository.files",,,3,2,,,
"Private Method","org.repodriller.scm.SubversionRepository.getAllFilesInPath",,,1,0,,,
"Private Method","org.repodriller.scm.SubversionRepository.getAuthenticationManager",,,2,1,,,
"Public Method","org.repodriller.scm.SubversionRepository.getChangeSets",,,4,2,,,
"Public Method","org.repodriller.scm.SubversionRepository.getCommit",,,5,3,,,
"Public Method","org.repodriller.scm.SubversionRepository.getCommitFromTag",,,1,0,,,
"Public Method","org.repodriller.scm.SubversionRepository.getDiffBetweenCommits",,,1,0,,,
"Private Method","org.repodriller.scm.SubversionRepository.getDiffText",,,3,2,,,
"Public Method","org.repodriller.scm.SubversionRepository.getHead",,,3,1,,,
"Public Method","org.repodriller.scm.SubversionRepository.getMaxNumberFilesInACommit",,,1,0,,,
"Private Method","org.repodriller.scm.SubversionRepository.getModificationType",,,5,1,,,
"Private Method","org.repodriller.scm.SubversionRepository.getModifications",,,2,1,,,
"Public Method","org.repodriller.scm.SubversionRepository.getPath",,,1,0,,,
"Private Method","org.repodriller.scm.SubversionRepository.getSourceCode",,,2,1,,,
"Public Method","org.repodriller.scm.SubversionRepository.info",,,3,1,,,
"Private Method","org.repodriller.scm.SubversionRepository.isNotAnImportantFile",,,1,0,,,
"Public Method","org.repodriller.scm.SubversionRepository.reset",,,3,1,,,
"Public Method","org.repodriller.scm.SubversionRepository.setDataToCollect",,,1,0,,,
"Public Static Method","org.repodriller.scm.SubversionRepository.singleProject",,,1,0,,,
"Public Static Method","org.repodriller.scm.SubversionRepository.singleProject",,,1,0,,,
"Public Method","org.repodriller.scm.SubversionRepository.totalCommits",,,1,0,,,
"Package","org.repodriller.scm.git",,,47,1,,,
"Public Class","org.repodriller.scm.git.GitRemoteRepositoryTest",45,19,8,1,0,1,1
"Public Static Method","org.repodriller.scm.git.GitRemoteRepositoryTest.deleteTempResource",,,4,1,,,
"Public Static Method","org.repodriller.scm.git.GitRemoteRepositoryTest.readPath",,,1,0,,,
"Public Method","org.repodriller.scm.git.GitRemoteRepositoryTest.shouldGetInfoFromARepo",,,1,0,,,
"Public Method","org.repodriller.scm.git.GitRemoteRepositoryTest.shouldGetSameOriginURL",,,1,0,,,
"Public Method","org.repodriller.scm.git.GitRemoteRepositoryTest.shouldInitWithGivenTempDir",,,1,0,,,
"Public Class","org.repodriller.scm.git.GitRepoWithCollectConfigurationTest",42,11,10,1,0,1,1
"Public Static Method","org.repodriller.scm.git.GitRepoWithCollectConfigurationTest.readPath",,,1,0,,,
"Public Method","org.repodriller.scm.git.GitRepoWithCollectConfigurationTest.setUp",,,1,0,,,
"Public Method","org.repodriller.scm.git.GitRepoWithCollectConfigurationTest.shouldBringCommitMessage",,,2,1,,,
"Public Method","org.repodriller.scm.git.GitRepoWithCollectConfigurationTest.shouldBringDiff",,,2,1,,,
"Public Method","org.repodriller.scm.git.GitRepoWithCollectConfigurationTest.shouldBringNothingIfConfigured",,,2,1,,,
"Public Method","org.repodriller.scm.git.GitRepoWithCollectConfigurationTest.shouldBringSourceCode",,,2,1,,,
"Public Class","org.repodriller.scm.git.GitRepositoryTest",86,20,29,0,0,1,1
"Public Method","org.repodriller.scm.git.GitRepositoryTest.blameFullFile",,,1,0,,,
"Public Method","org.repodriller.scm.git.GitRepositoryTest.deprecatedBlame",,,1,0,,,
"Public Method","org.repodriller.scm.git.GitRepositoryTest.firstParentOnly",,,8,0,,,
"Lambda Method","org.repodriller.scm.git.GitRepositoryTest.firstParentOnly.(lambda_expr_1)",,,1,0,,,
"Lambda Method","org.repodriller.scm.git.GitRepositoryTest.firstParentOnly.(lambda_expr_2)",,,1,0,,,
"Lambda Method","org.repodriller.scm.git.GitRepositoryTest.firstParentOnly.(lambda_expr_3)",,,1,0,,,
"Lambda Method","org.repodriller.scm.git.GitRepositoryTest.firstParentOnly.(lambda_expr_4)",,,1,0,,,
"Lambda Method","org.repodriller.scm.git.GitRepositoryTest.firstParentOnly.(lambda_expr_5)",,,1,0,,,
"Lambda Method","org.repodriller.scm.git.GitRepositoryTest.firstParentOnly.(lambda_expr_6)",,,1,0,,,
"Lambda Method","org.repodriller.scm.git.GitRepositoryTest.firstParentOnly.(lambda_expr_7)",,,1,0,,,
"Public Method","org.repodriller.scm.git.GitRepositoryTest.getBranchesFromCommit",,,1,0,,,
"Public Method","org.repodriller.scm.git.GitRepositoryTest.isCommitInMasterBranch",,,1,0,,,
"Public Method","org.repodriller.scm.git.GitRepositoryTest.mergeCommits",,,1,0,,,
"Public Method","org.repodriller.scm.git.GitRepositoryTest.parentCommits",,,1,0,,,
"Public Static Method","org.repodriller.scm.git.GitRepositoryTest.readPath",,,1,0,,,
"Public Method","org.repodriller.scm.git.GitRepositoryTest.setUp",,,1,0,,,
"Public Method","org.repodriller.scm.git.GitRepositoryTest.shouldDetailACommit",,,1,0,,,
"Public Method","org.repodriller.scm.git.GitRepositoryTest.shouldDetailARename",,,1,0,,,
"Public Method","org.repodriller.scm.git.GitRepositoryTest.shouldGetAllCommits",,,1,0,,,
"Public Method","org.repodriller.scm.git.GitRepositoryTest.shouldGetHead",,,1,0,,,
"Public Method","org.repodriller.scm.git.GitRepositoryTest.shouldGetInfoFromARepo",,,1,0,,,
"Public Method","org.repodriller.scm.git.GitRepositoryTest.shouldGetModificationStatus",,,1,0,,,
"Public Method","org.repodriller.scm.git.GitRepositoryTest.shouldGetNumberOfModifications",,,1,0,,,
"Public Method","org.repodriller.scm.git.GitRepositoryTest.shouldListAllFilesInACommit",,,1,0,,,
"Public Method","org.repodriller.scm.git.GitRepositoryTest.shouldOnlyLoadFilteredDiffsIntoModifications",,,1,0,,,
"Public Method","org.repodriller.scm.git.GitRepositoryTest.shouldReturnDiffBetweenCommitsWithOneModification",,,1,0,,,
"Public Method","org.repodriller.scm.git.GitRepositoryTest.shouldReturnDiffWithManyModifications",,,1,0,,,
"Public Method","org.repodriller.scm.git.GitRepositoryTest.tags",,,1,0,,,
"Public Method","org.repodriller.scm.git.GitRepositoryTest.tagsException",,,1,0,,,
"Package","org.repodriller.scm.subversion",,,19,1,,,
"Public Class","org.repodriller.scm.subversion.SubversionRepositoryTest",26,16,19,1,0,1,1
"Public Method","org.repodriller.scm.subversion.SubversionRepositoryTest.blame",,,1,0,,,
"Public Method","org.repodriller.scm.subversion.SubversionRepositoryTest.invalidMaxNumberOfFilesInACommit",,,3,1,,,
"Public Static Method","org.repodriller.scm.subversion.SubversionRepositoryTest.readPath",,,1,0,,,
"Public Method","org.repodriller.scm.subversion.SubversionRepositoryTest.setUp",,,1,0,,,
"Public Method","org.repodriller.scm.subversion.SubversionRepositoryTest.shouldDetailACommit",,,1,0,,,
"Public Method","org.repodriller.scm.subversion.SubversionRepositoryTest.shouldDetailARename",,,1,0,,,
"Public Method","org.repodriller.scm.subversion.SubversionRepositoryTest.shouldGetAllCommits",,,1,0,,,
"Public Method","org.repodriller.scm.subversion.SubversionRepositoryTest.shouldGetHead",,,1,0,,,
"Public Method","org.repodriller.scm.subversion.SubversionRepositoryTest.shouldGetInfoFromARepo",,,1,0,,,
"Public Method","org.repodriller.scm.subversion.SubversionRepositoryTest.shouldGetModificationStatus",,,1,0,,,
"Public Method","org.repodriller.scm.subversion.SubversionRepositoryTest.shouldListAllFilesInACommit",,,1,0,,,
"Public Method","org.repodriller.scm.subversion.SubversionRepositoryTest.shouldMakeUnauthenticatedBlame",,,1,0,,,
"Public Method","org.repodriller.scm.subversion.SubversionRepositoryTest.shouldMakeUnauthenticatedCheckout",,,1,0,,,
"Public Method","org.repodriller.scm.subversion.SubversionRepositoryTest.shouldMakeUnauthenticatedGetAllCommits",,,1,0,,,
"Public Method","org.repodriller.scm.subversion.SubversionRepositoryTest.shouldMakeUnauthenticatedGetCommit",,,1,0,,,
"Public Method","org.repodriller.scm.subversion.SubversionRepositoryTest.shouldMakeUnauthenticatedGetHead",,,1,0,,,
"Public Method","org.repodriller.scm.subversion.SubversionRepositoryTest.testMaxNumberOfFilesInACommit",,,1,0,,,
"Package","org.repodriller.util",,,44,2,,,
"Class","org.repodriller.util.EnvironmentVar",0,1,1,0,0,1,1
"Public Constructor","org.repodriller.util.EnvironmentVar.EnvironmentVar",,,1,0,,,
"Public Class","org.repodriller.util.PathUtils",0,1,3,1,0,1,1
"Public Static Method","org.repodriller.util.PathUtils.fullPath",,,3,1,,,
"Public Class","org.repodriller.util.RDFileUtils",0,13,25,2,0,1,1
"Public Static Method","org.repodriller.util.RDFileUtils.copyDirTree",,,4,1,,,
"Anonymous Class","org.repodriller.util.RDFileUtils.copyDirTree.(Anon_1)",0,7,4,0,0,1,2
"Public Method","org.repodriller.util.RDFileUtils.copyDirTree.(Anon_1).postVisitDirectory",,,1,0,,,
"Public Method","org.repodriller.util.RDFileUtils.copyDirTree.(Anon_1).preVisitDirectory",,,1,0,,,
"Public Method","org.repodriller.util.RDFileUtils.copyDirTree.(Anon_1).visitFile",,,1,0,,,
"Public Method","org.repodriller.util.RDFileUtils.copyDirTree.(Anon_1).visitFileFailed",,,1,0,,,
"Public Static Method","org.repodriller.util.RDFileUtils.exists",,,1,0,,,
"Public Static Method","org.repodriller.util.RDFileUtils.fileNameHasIsOfType",,,4,2,,,
"Public Static Method","org.repodriller.util.RDFileUtils.getAllDirsIn",,,3,2,,,
"Public Static Method","org.repodriller.util.RDFileUtils.getAllFilesInPath",,,1,0,,,
"Private Static Method","org.repodriller.util.RDFileUtils.getAllFilesInPath",,,4,2,,,
"Public Static Method","org.repodriller.util.RDFileUtils.getTempPath",,,3,2,,,
"Private Static Method","org.repodriller.util.RDFileUtils.isAProjectSubdirectory",,,1,0,,,
"Public Static Method","org.repodriller.util.RDFileUtils.isDir",,,1,0,,,
"Public Static Method","org.repodriller.util.RDFileUtils.mkdir",,,1,0,,,
"Public Static Method","org.repodriller.util.RDFileUtils.readFile",,,2,1,,,
"Public Class","org.repodriller.util.SimpleCommandExecutor",56,13,11,1,0,1,1
"Public Constructor","org.repodriller.util.SimpleCommandExecutor.SimpleCommandExecutor",,,1,0,,,
"Public Method","org.repodriller.util.SimpleCommandExecutor.clearEnvironmentVars",,,1,0,,,
"Public Method","org.repodriller.util.SimpleCommandExecutor.execute",,,4,1,,,
"Private Method","org.repodriller.util.SimpleCommandExecutor.getEnvTokens",,,3,1,,,
"Public Method","org.repodriller.util.SimpleCommandExecutor.inheritEnv",,,1,0,,,
"Public Method","org.repodriller.util.SimpleCommandExecutor.setEnvironmentVar",,,1,0,,,
"File","pom.xml",,,0,0,,,
"File","ruleset.xml",,,0,0,,,
